id,product_name,brand,weight,discount_percent,gst_percent,manufacturing_date,expiry_date,price_inr,stock_quantity
1,Marie Gold Biscuits,Britannia,250g,5,18,2026-01-10,2026-07-10,30,120
2,Good Day Cashew Biscuits,Britannia,200g,8,18,2026-01-05,2026-07-05,35,100
3,Oreo Chocolate Cream Biscuits,Cadbury,120g,6,18,2026-01-15,2026-06-15,25,150
4,Dark Fantasy Choco Fills,Sunfeast,300g,10,18,2026-01-08,2026-07-08,90,80
5,Parle-G Original,Parle,500g,4,18,2026-01-12,2026-08-12,28,200
6,Basmati Rice Premium,India Gate,5kg,7,5,2026-01-01,2027-01-01,650,60
7,Toor Dal,Tata Sampann,1kg,6,5,2026-01-03,2027-01-03,120,90
8,Chana Dal,Aashirvaad,1kg,5,5,2026-01-02,2027-01-02,110,95
9,Whole Wheat Atta,Aashirvaad,5kg,9,5,2026-01-04,2026-07-04,280,70
10,Refined Sunflower Oil,Fortune,1L,12,5,2026-01-06,2026-07-06,160,85
11,Mustard Oil,Dhara,1L,8,5,2026-01-07,2026-07-07,170,75
12,Groundnut Oil,Saffola,1L,10,5,2026-01-09,2026-07-09,180,65
13,Sugar,Trust Classic,1kg,3,5,2026-01-02,2027-01-02,45,180
14,Iodized Salt,Tata Salt,1kg,2,5,2026-01-01,2027-01-01,22,210
15,Turmeric Powder,Everest,200g,6,5,2026-01-05,2027-01-05,55,140
16,Red Chilli Powder,MDH,200g,7,5,2026-01-05,2027-01-05,60,135
17,Coriander Powder,Everest,200g,5,5,2026-01-06,2027-01-06,50,145
18,Garam Masala,MDH,100g,8,5,2026-01-08,2027-01-08,75,110
19,Tomato Ketchup,Kissan,500g,6,12,2026-01-10,2026-10-10,95,100
20,Mango Pickle,Priya,300g,7,12,2026-01-05,2027-01-05,120,90
21,Peanut Butter,Cremica,340g,10,18,2026-01-09,2026-10-09,180,85
22,Chocolate Spread,Nutella,350g,8,18,2026-01-11,2026-10-11,350,60
23,Cornflakes,Kellogg's,475g,9,18,2026-01-07,2026-12-07,190,95
24,Oats,Quaker,1kg,6,5,2026-01-05,2026-12-05,140,130
25,Green Tea,Lipton,100g,5,5,2026-01-03,2027-01-03,110,120
26,Instant Coffee,Nescafe,200g,8,18,2026-01-06,2027-01-06,220,70
27,Full Cream Milk Powder,Amul,500g,7,5,2026-01-04,2026-10-04,260,80
28,Paneer,Amul,200g,5,5,2026-02-01,2026-02-15,85,60
29,Butter,Amul,500g,6,12,2026-01-25,2026-07-25,240,75
30,Cheddar Cheese,Britannia,200g,7,12,2026-01-20,2026-07-20,210,70
31,Curd,Nandini,400g,3,5,2026-02-05,2026-02-20,55,110
32,Bread,Britannia,400g,2,5,2026-02-10,2026-02-15,40,150
33,Eggs (Pack of 12),Suguna,12pcs,4,5,2026-02-05,2026-02-20,75,100
34,Chicken Masala,Everest,100g,6,5,2026-01-05,2027-01-05,65,140
35,Potato Chips,Lays,150g,10,18,2026-01-12,2026-06-12,50,160
36,Namkeen Mixture,Haldiram's,200g,9,12,2026-01-10,2026-07-10,70,120
37,Instant Noodles,Maggi,280g,5,18,2026-01-08,2026-07-08,55,180
38,Pasta,Sunfeast Yippee,500g,6,18,2026-01-09,2026-12-09,95,90
39,Tomato Soup Mix,Knorr,70g,4,12,2026-01-05,2027-01-05,45,130
40,Detergent Powder,Surf Excel,1kg,8,18,2026-01-01,2028-01-01,180,100
41,Bathing Soap,Lux,150g,5,18,2026-01-02,2028-01-02,45,200
42,Shampoo,Clinic Plus,340ml,9,18,2026-01-03,2028-01-03,120,95
43,Toothpaste,Colgate,200g,7,18,2026-01-05,2028-01-05,95,115
44,Floor Cleaner,Lizol,1L,10,18,2026-01-06,2028-01-06,160,85
45,Hand Wash,Dettol,250ml,6,18,2026-01-07,2028-01-07,85,140
46,Packaged Drinking Water,Bisleri,1L,2,5,2026-02-01,2027-02-01,20,300
47,Soft Drink Coca-Cola,Coca-Cola,750ml,5,18,2026-02-01,2026-08-01,45,160
48,Orange Juice,Tropicana,1L,6,12,2026-01-20,2026-07-20,130,90
49,Ice Cream Vanilla,Amul,1L,8,18,2026-01-15,2026-07-15,180,75
50,Chocolate Dairy Milk,Cadbury,150g,7,18,2026-01-18,2026-07-18,60,180
